Statistic,Value
Min,0.0
Max,542.0
Mean,133.31141732926253
Median,122.0
Std,89.78338941323628
